[
  {
    "baseType": 3,
    "name": "account",
    "defaultValue": "",
    "description": "",
    "helpText": "",
    "isSystem": false,
    "minLength": 0,
    "maxLength": 200,
    "validationRegex": "",
    "isValidate": false
  },
  {
    "baseType": 3,
    "name": "alert.description",
    "defaultValue": "",
    "description": "",
    "helpText": "",
    "isSystem": false,
    "minLength": 0,
    "maxLength": 200,
    "validationRegex": "",
    "isValidate": false
  },
  {
    "baseType": 3,
    "name": "alert.id",
    "defaultValue": "",
    "description": "",
    "helpText": "",
    "isSystem": false,
    "minLength": 0,
    "maxLength": 30,
    "validationRegex": "",
    "isValidate": false
  },
  {
    "baseType": 3,
    "name": "alert.name",
    "defaultValue": "",
    "description": "",
    "helpText": "",
    "isSystem": false,
    "minLength": 0,
    "maxLength": 100,
    "validationRegex": "",
    "isValidate": false
  },
  {
    "baseType": 3,
    "name": "alert.runbook_url",
    "defaultValue": "",
    "description": "",
    "helpText": "",
    "isSystem": false,
    "minLength": 0,
    "maxLength": 300,
    "validationRegex": "",
    "isValidate": false
  },
  {
    "baseType": 1,
    "name": "alert.version",
    "description": "",
    "helpText": "",
    "isSystem": false,
    "minValue": "",
    "maxValue": "",
    "units": ""
  },
  {
    "baseType": 3,
    "name": "clear",
    "defaultValue": "",
    "description": "",
    "helpText": "",
    "isSystem": false,
    "minLength": 0,
    "maxLength": 30,
    "validationRegex": "",
    "isValidate": false
  },
  {
    "baseType": 3,
    "name": "clear_display",
    "defaultValue": "",
    "description": "",
    "helpText": "",
    "isSystem": false,
    "minLength": 0,
    "maxLength": 30,
    "validationRegex": "",
    "isValidate": false
  },
  {
    "baseType": 3,
    "name": "conditions",
    "defaultValue": "",
    "description": "",
    "helpText": "",
    "isSystem": false,
    "minLength": 0,
    "maxLength": 20000,
    "validationRegex": "",
    "isValidate": false
  },
  {
    "baseType": 3,
    "name": "runbook_display",
    "defaultValue": "",
    "description": "",
    "helpText": "",
    "isSystem": false,
    "minLength": 0,
    "maxLength": 30,
    "validationRegex": "",
    "isValidate": false
  },
  {
    "baseType": 0,
    "name": "triggered_by_user_test",
    "description": "",
    "helpText": "",
    "isSystem": false
  },
  {
    "baseType": 3,
    "name": "trigger_time",
    "defaultValue": "",
    "description": "",
    "helpText": "",
    "isSystem": false,
    "minLength": 0,
    "maxLength": 100,
    "validationRegex": "",
    "isValidate": false
  },
  {
    "baseType": 3,
    "name": "violations",
    "defaultValue": "",
    "description": "",
    "helpText": "",
    "isSystem": false,
    "minLength": 0,
    "maxLength": 20000,
    "validationRegex": "",
    "isValidate": false
  }
]