{
  "integrations": [
    {
      "id": "8a933ead-2104-45da-b3da-21b314defb0f",
      "name": "Inbound from Librato",
      "action": "CREATE_EVENT",
      "type": "INBOUND_WEBHOOK",
      "deployed": true,
      "form": "841dafcc-3601-4a80-b554-d25232294a37",
      "script": "var moment = require( 'moment' );\nrequire( 'moment-timezone' );\n\nvar payload = JSON.parse( request.parameters.payload );\n\nconsole.log( 'PAYLOAD: ' + JSON.stringify( payload, null, 1 ) );\n\nproperties = {};\n\nproperties.clear_display   = \"none\";\nproperties.runbook_display = \"none\";\n\nproperties.account = payload.account;\nproperties['alert.description'] = payload.alert.description;\nproperties['alert.id']          = payload.alert.id;\nproperties['alert.name']        = payload.alert.name;\nproperties['alert.version']     = payload.alert.version;\nproperties.trigger_time      = new Date( payload.trigger_time*1000 );\n\nif( payload.alert.runbook_url ) {\n  properties.runbook_display = \"initial\";\n  properties[ 'alert.runbook_url'] = payload.alert.runbook_url;\n}\n\nif( payload.clear ) {\n    properties.clear_display = \"initial\";\n    properties.clear         = payload.clear;\n}\n\nproperties.violations = '';\n\nvar conditions = payload.conditions;\nvar violations = payload.violations;\n\nproperties.violations = '';\nvar html = '';\nfor( var v in violations ){\n    // console.log( 'v: ' + v );\n    // console.log( 'violations[v]: ' + JSON.stringify( violations[v] ) );\n    \n    var violation = violations[v];\n    \n    html += '   Source: ' + v + '\\n';\n    html += '   <ul>\\n';\n    for( var item in violation ) {\n       // console.log( '  item: ' + item );\n       // console.log( '  violation[item]: ' + JSON.stringify( violation[item] ) );\n        \n        condition = getCondition( violation[item].condition_violated, conditions );\n        \n        html += '  <li>';\n        html += 'Metric <strong>' + violation[item].metric + '</strong> ' + ' was ' + condition.type + ' threshold ' +\n                 condition.threshold + ' with value ' + '<strong>' + violation[item].value + '</strong> recorded at ' + \n                moment( violation.recorded_at ).tz( 'America/New_York' ).format( 'MMM Do hh:mm z [EST]' );\n        \n        html += '</li>\\n';\n    }\n    \n    html += '   </ul>\\n';\n}\n\nproperties.violations = html;\n\nconsole.log( 'Violations: \\n' + properties.violations );\n\n\ntrigger.properties = properties;\n\nform.post( trigger );\n\n\n\nfunction getCondition( id, list ) {\n    for( var l in list ) {\n        if( list[l].id == id )\n           return list[l];\n    }\n    \n    return {};\n}\n\n\n\n// ",
      "environment": "HOSTED"
    }
  ],
  "endpoints": [],
  "constants": []
}